{
    "url": "https:\/\/dl.airtable.com\/.attachments\/-8b63682a342e9e7a47ce585060e71bee\/7f3686ec\/1239951_542518465802539_62937180_n.jpg",
    "content_type": "application\/xml",
    "http_code": 403,
    "header_size": 559,
    "request_size": 424,
    "filetime": -1,
    "ssl_verify_result": 0,
    "redirect_count": 0,
    "total_time": 0.138544000000000000483169060316868126392364501953125,
    "namelookup_time": 6.2999999999999999901988123607310399165726266801357269287109375e-5,
    "connect_time": 0.000766999999999999995149713161168847364024259150028228759765625,
    "pretransfer_time": 0.016479000000000000591970916730133467353880405426025390625,
    "size_upload": 0,
    "size_download": 243,
    "speed_download": 1760,
    "speed_upload": 0,
    "download_content_length": -1,
    "upload_content_length": -1,
    "starttransfer_time": 0.13840500000000000024868995751603506505489349365234375,
    "redirect_time": 0,
    "redirect_url": "",
    "primary_ip": "143.204.247.42",
    "certinfo": [],
    "primary_port": 443,
    "local_ip": "10.27.19.15",
    "local_port": 36028
}